indice_tiempo,país de residencia,turistas_no_residentes,pernoctes_no_residentes,estadia_media_no_residentes,observaciones
2014-01-01,Bolivia,17181,262161,15.3,""
2014-01-01,Brasil,149582,1113195,7.4,""
2014-01-01,Chile,48953,382341,7.8,""
2014-01-01,Paraguay,17316,161133,9.3,""
2014-01-01,Uruguay,11429,77728,6.8,""
2014-01-01,EE.UU y Canadá,82090,1393514,17,""
2014-01-01,Resto América,84200,1305320,15.5,""
2014-01-01,Europa,170533,3612871,21.2,""
2014-01-01,Resto del Mundo,40633,900348,22.2,""
2014-04-01,Bolivia,15517,199828,12.9,""
2014-04-01,Brasil,175018,1058864,6.1,""
2014-04-01,Chile,54539,326089,6,""
2014-04-01,Paraguay,18246,112536,6.2,""
2014-04-01,Uruguay,14972,65155,4.4,""
2014-04-01,EE.UU y Canadá,52685,998973,19,""
2014-04-01,Resto América,87090,1081195,12.4,""
2014-04-01,Europa,102601,2464099,24,""
2014-04-01,Resto del Mundo,29344,346338,11.8,""
2014-07-01,Bolivia,17505,222344,12.7,""
2014-07-01,Brasil,224259,1515853,6.8,""
2014-07-01,Chile,70313,500929,7.1,""
2014-07-01,Paraguay,15007,128380,8.6,""
2014-07-01,Uruguay,18441,82489,4.5,""
2014-07-01,EE.UU y Canadá,48622,841527,17.3,""
2014-07-01,Resto América,100419,1375083,13.7,""
2014-07-01,Europa,94943,2055937,21.7,""
2014-07-01,Resto del Mundo,30723,563263,18.3,""
2014-10-01,Bolivia,23000,369456,16.1,""
2014-10-01,Brasil,180361,1121687,6.2,""
2014-10-01,Chile,63170,456499,7.2,""
2014-10-01,Paraguay,11160,79876,7.2,""
2014-10-01,Uruguay,14589,90384,6.2,""
2014-10-01,EE.UU y Canadá,64843,1030919,15.9,""
2014-10-01,Resto América,133581,1977314,14.8,""
2014-10-01,Europa,145067,2706490,18.7,""
2014-10-01,Resto del Mundo,38796,769613,19.8,""
2015-01-01,Bolivia,19528,230060,11.8,""
2015-01-01,Brasil,145922,1049493,7.2,""
2015-01-01,Chile,55832,398086,7.1,""
2015-01-01,Paraguay,10045,75501,7.5,""
2015-01-01,Uruguay,10490,35921,3.4,""
2015-01-01,EE.UU y Canadá,83939,1137027,13.5,""
2015-01-01,Resto América,94023,1599654,17,""
2015-01-01,Europa,176777,3831945,21.7,""
2015-01-01,Resto del Mundo,44106,744868,16.9,""
2015-04-01,Bolivia,17723,212712,12,""
2015-04-01,Brasil,147540,885905,6,""
2015-04-01,Chile,57284,346016,6,""
2015-04-01,Paraguay,12072,109371,9.1,""
2015-04-01,Uruguay,14443,67562,4.7,""
2015-04-01,EE.UU y Canadá,55277,920866,16.7,""
2015-04-01,Resto América,86832,1223777,14.1,""
2015-04-01,Europa,105708,2437848,23.1,""
2015-04-01,Resto del Mundo,31269,443822,14.2,""
2015-07-01,Bolivia,15424,169581,11,""
2015-07-01,Brasil,182629,1269388,7,""
2015-07-01,Chile,62075,404811,6.5,""
2015-07-01,Paraguay,10731,89534,8.3,""
2015-07-01,Uruguay,16072,79534,4.9,""
2015-07-01,EE.UU y Canadá,48953,738631,15.1,""
2015-07-01,Resto América,94839,1535524,16.2,""
2015-07-01,Europa,90448,2084428,23,""
2015-07-01,Resto del Mundo,33287,557635,16.8,""
2015-10-01,Bolivia,19544,261174,13.4,""
2015-10-01,Brasil,116157,897575,7.7,""
2015-10-01,Chile,57603,400228,6.9,""
2015-10-01,Paraguay,18418,173285,9.4,""
2015-10-01,Uruguay,12582,49471,3.9,""
2015-10-01,EE.UU y Canadá,70115,996353,14.2,""
2015-10-01,Resto América,106889,1920255,18,""
2015-10-01,Europa,139856,2651424,19,""
2015-10-01,Resto del Mundo,40270,697285,17.3,""
2016-01-01,Bolivia,18275,253126,13.9,""
2016-01-01,Brasil,83492,662746,7.9,""
2016-01-01,Chile,49687,356249,7.2,""
2016-01-01,Paraguay,14085,119689,8.5,""
2016-01-01,Uruguay,11150,57925,5.2,""
2016-01-01,EE.UU y Canadá,92351,1343204,14.5,""
2016-01-01,Resto América,85319,1548849,18.2,""
2016-01-01,Europa,184460,4384423,23.8,""
2016-01-01,Resto del Mundo,51927,635581,12.2,""
2016-04-01,Bolivia,13948,164365,11.8,""
2016-04-01,Brasil,127142,790117,6.2,""
2016-04-01,Chile,51762,306741,5.9,""
2016-04-01,Paraguay,14006,90092,6.4,""
2016-04-01,Uruguay,15850,65382,4.1,""
2016-04-01,EE.UU y Canadá,58934,786475,13.3,""
2016-04-01,Resto América,74116,1059169,14.3,""
2016-04-01,Europa,104263,2316027,22.2,""
2016-04-01,Resto del Mundo,36689,826912,22.5,""
2016-07-01,Bolivia,16370,235357,14.4,""
2016-07-01,Brasil,183799,1272951,6.9,""
2016-07-01,Chile,53749,317081,5.9,""
2016-07-01,Paraguay,15914,103144,6.5,""
2016-07-01,Uruguay,16133,70989,4.4,""
2016-07-01,EE.UU y Canadá,56484,1109403,19.6,""
2016-07-01,Resto América,79400,1338186,16.9,""
2016-07-01,Europa,93986,2477390,26.4,""
2016-07-01,Resto del Mundo,37816,531836,14.1,""
2016-10-01,Bolivia,18543,265064,14.3,""
2016-10-01,Brasil,145472,987340,6.8,""
2016-10-01,Chile,59434,342156,5.8,""
2016-10-01,Paraguay,15688,106773,6.8,""
2016-10-01,Uruguay,13383,50920,3.8,""
2016-10-01,EE.UU y Canadá,73906,928980,12.6,""
2016-10-01,Resto América,105634,2025324,19.2,""
2016-10-01,Europa,146100,2840863,19.4,""
2016-10-01,Resto del Mundo,44534,593571,13.3,""
2017-01-01,Bolivia,18881,349997,18.5,""
2017-01-01,Brasil,108533,834184,7.7,""
2017-01-01,Chile,53085,391333,7.4,""
2017-01-01,Paraguay,14423,99623,6.9,""
2017-01-01,Uruguay,10604,48850,4.6,""
2017-01-01,EE.UU y Canadá,91552,1252905,13.7,""
2017-01-01,Resto América,83222,1557330,18.7,""
2017-01-01,Europa,175063,3829722,21.9,""
2017-01-01,Resto del Mundo,49818,916027,18.4,""
2017-04-01,Bolivia,14237,148279,10.4,""
2017-04-01,Brasil,146959,925408,6.3,""
2017-04-01,Chile,48855,290481,5.9,""
2017-04-01,Paraguay,15125,96473,6.4,""
2017-04-01,Uruguay,15459,57896,3.7,""
2017-04-01,EE.UU y Canadá,58026,941511,16.2,""
2017-04-01,Resto América,77779,1148989,14.8,""
2017-04-01,Europa,103974,2371551,22.8,""
2017-04-01,Resto del Mundo,36074,491416,13.6,""
2017-07-01,Bolivia,15805,224529,14.2,""
2017-07-01,Brasil,204501,1372084,6.7,""
2017-07-01,Chile,55148,343273,6.2,""
2017-07-01,Paraguay,17109,110560,6.5,""
2017-07-01,Uruguay,16509,68187,4.1,""
2017-07-01,EE.UU y Canadá,57731,921981,16,""
2017-07-01,Resto América,83170,1555012,18.7,""
2017-07-01,Europa,92109,2188537,23.8,""
2017-07-01,Resto del Mundo,35974,577075,16,""
2017-10-01,Bolivia,17532,237235,13.5,""
2017-10-01,Brasil,166151,1214299,7.3,""
2017-10-01,Chile,59128,359623,6.1,""
2017-10-01,Paraguay,18089,137727,7.6,""
2017-10-01,Uruguay,14097,50463,3.6,""
2017-10-01,EE.UU y Canadá,78735,1091884,13.9,""
2017-10-01,Resto América,115193,2355970,20.5,""
2017-10-01,Europa,143157,2284990,16,""
2017-10-01,Resto del Mundo,49666,693996,14,""
2018-01-01,Bolivia,17524,299998,17.1,""
2018-01-01,Brasil,116921,1027995,8.8,""
2018-01-01,Chile,46367,332689,7.2,""
2018-01-01,Paraguay,16000,127351,8,""
2018-01-01,Uruguay,10990,49043,4.5,""
2018-01-01,EE.UU y Canadá,97800,1337886,13.7,""
2018-01-01,Resto América,88448,1841432,20.8,""
2018-01-01,Europa,173357,3374671,19.5,""
2018-01-01,Resto del Mundo,54689,816432,14.9,""
2018-04-01,Bolivia,13124,149141,11.4,""
2018-04-01,Brasil,143862,1019995,7.1,""
2018-04-01,Chile,49543,293786,5.9,""
2018-04-01,Paraguay,15252,92917,6.1,""
2018-04-01,Uruguay,13182,61474,4.7,""
2018-04-01,EE.UU y Canadá,62257,974620,15.7,""
2018-04-01,Resto América,78055,1169592,15,""
2018-04-01,Europa,107856,2083750,19.3,""
2018-04-01,Resto del Mundo,40315,492972,12.2,""
2018-07-01,Bolivia,14820,180068,12.2,""
2018-07-01,Brasil,209073,1655244,7.9,""
2018-07-01,Chile,68199,453691,6.7,""
2018-07-01,Paraguay,17658,108879,6.2,""
2018-07-01,Uruguay,14466,83030,5.7,""
2018-07-01,EE.UU y Canadá,60318,841736,14,""
2018-07-01,Resto América,86653,1753954,20.2,""
2018-07-01,Europa,94288,2183467,23.2,""
2018-07-01,Resto del Mundo,37771,586778,15.5,""
2018-10-01,Bolivia,17286,216895,12.5,""
2018-10-01,Brasil,182627,1592319,8.7,""
2018-10-01,Chile,74550,464505,6.2,""
2018-10-01,Paraguay,16045,136667,8.5,""
2018-10-01,Uruguay,12660,55855,4.4,""
2018-10-01,EE.UU y Canadá,84742,1147949,13.5,""
2018-10-01,Resto América,121221,2853981,23.5,""
2018-10-01,Europa,156154,3105151,19.9,""
2018-10-01,Resto del Mundo,55343,901674,16.3,""
2019-01-01,Bolivia,18613,211919,11.4,""
2019-01-01,Brasil,167562,1361506,8.1,""
2019-01-01,Chile,63771,432090,6.8,""
2019-01-01,Paraguay,15710,124648,7.9,""
2019-01-01,Uruguay,11863,65847,5.6,""
2019-01-01,EE.UU y Canadá,111765,1480058,13.2,""
2019-01-01,Resto América,99821,1721886,17.2,""
2019-01-01,Europa,195210,3921296,20.1,""
2019-01-01,Resto del Mundo,59166,998029,16.9,""
2019-04-01,Bolivia,14903,157568,10.6,""
2019-04-01,Brasil,191329,1329971,7,""
2019-04-01,Chile,65018,366867,5.6,""
2019-04-01,Paraguay,15705,117971,7.5,""
2019-04-01,Uruguay,21550,110510,5.1,""
2019-04-01,EE.UU y Canadá,64081,830185,13,""
2019-04-01,Resto América,93075,1440543,15.5,""
2019-04-01,Europa,114804,2290457,20,""
2019-04-01,Resto del Mundo,37915,601348,15.9,""
2019-07-01,Bolivia,15248,173655,11.4,""
2019-07-01,Brasil,231604,1636868,7.1,""
2019-07-01,Chile,67257,403396,6,""
2019-07-01,Paraguay,19066,114606,6,""
2019-07-01,Uruguay,19983,105995,5.3,""
2019-07-01,EE.UU y Canadá,59305,780361,13.2,""
2019-07-01,Resto América,91751,1770036,19.3,""
2019-07-01,Europa,100477,2279141,22.7,""
2019-07-01,Resto del Mundo,35590,526184,14.8,""
2019-10-01,Bolivia,17670,255472,14.5,""
2019-10-01,Brasil,183095,1321530,7.2,""
2019-10-01,Chile,63683,389588,6.1,""
2019-10-01,Paraguay,17414,88285,5.1,""
2019-10-01,Uruguay,14757,68699,4.7,""
2019-10-01,EE.UU y Canadá,88127,1124082,12.8,""
2019-10-01,Resto América,122492,2462038,20.1,""
2019-10-01,Europa,158778,2746814,17.3,""
2019-10-01,Resto del Mundo,49770,1047741,21.1,""
2020-01-01,Bolivia,17464,242580,13.9,""
2020-01-01,Brasil,130327,1045190,8,""
2020-01-01,Chile,47539,301505,6.3,""
2020-01-01,Paraguay,11832,85224,7.2,""
2020-01-01,Uruguay,9293,54821,5.9,""
2020-01-01,EE.UU y Canadá,88307,1112942,12.6,""
2020-01-01,Resto América,91297,1835092,20.1,""
2020-01-01,Europa,156217,3140128,20.1,""
2020-01-01,Resto del Mundo,42177,765375,18.1,""
2020-04-01,Bolivia,0,0,0,Los aeropuertos de Ezeiza y Aeroparque estuvieron cerrados por las medidas de contención de la COVID 19
2020-04-01,Brasil,0,0,0,Los aeropuertos de Ezeiza y Aeroparque estuvieron cerrados por las medidas de contención de la COVID 19
2020-04-01,Chile,0,0,0,Los aeropuertos de Ezeiza y Aeroparque estuvieron cerrados por las medidas de contención de la COVID 19
2020-04-01,Paraguay,0,0,0,Los aeropuertos de Ezeiza y Aeroparque estuvieron cerrados por las medidas de contención de la COVID 19
2020-04-01,Uruguay,0,0,0,Los aeropuertos de Ezeiza y Aeroparque estuvieron cerrados por las medidas de contención de la COVID 19
2020-04-01,EE.UU y Canadá,0,0,0,Los aeropuertos de Ezeiza y Aeroparque estuvieron cerrados por las medidas de contención de la COVID 19
2020-04-01,Resto América,0,0,0,Los aeropuertos de Ezeiza y Aeroparque estuvieron cerrados por las medidas de contención de la COVID 19
2020-04-01,Europa,0,0,0,Los aeropuertos de Ezeiza y Aeroparque estuvieron cerrados por las medidas de contención de la COVID 19
2020-04-01,Resto del Mundo,0,0,0,Los aeropuertos de Ezeiza y Aeroparque estuvieron cerrados por las medidas de contención de la COVID 19
2020-07-01,Bolivia,,,,"Dato no conocido, debido a que no se pudo realizar el relevamiento por las medidas de contención de la COVID 19"
2020-07-01,Brasil,,,,"Dato no conocido, debido a que no se pudo realizar el relevamiento por las medidas de contención de la COVID 19"
2020-07-01,Chile,,,,"Dato no conocido, debido a que no se pudo realizar el relevamiento por las medidas de contención de la COVID 19"
2020-07-01,Paraguay,,,,"Dato no conocido, debido a que no se pudo realizar el relevamiento por las medidas de contención de la COVID 19"
2020-07-01,Uruguay,,,,"Dato no conocido, debido a que no se pudo realizar el relevamiento por las medidas de contención de la COVID 19"
2020-07-01,EE.UU y Canadá,,,,"Dato no conocido, debido a que no se pudo realizar el relevamiento por las medidas de contención de la COVID 19"
2020-07-01,Resto América,,,,"Dato no conocido, debido a que no se pudo realizar el relevamiento por las medidas de contención de la COVID 19"
2020-07-01,Europa,,,,"Dato no conocido, debido a que no se pudo realizar el relevamiento por las medidas de contención de la COVID 19"
2020-07-01,Resto del Mundo,,,,"Dato no conocido, debido a que no se pudo realizar el relevamiento por las medidas de contención de la COVID 19"
2020-10-01,Bolivia,,,,"Dato no conocido, debido a que no se pudo realizar el relevamiento por las medidas de contención de la COVID 19"
2020-10-01,Brasil,,,,"Dato no conocido, debido a que no se pudo realizar el relevamiento por las medidas de contención de la COVID 19"
2020-10-01,Chile,,,,"Dato no conocido, debido a que no se pudo realizar el relevamiento por las medidas de contención de la COVID 19"
2020-10-01,Paraguay,,,,"Dato no conocido, debido a que no se pudo realizar el relevamiento por las medidas de contención de la COVID 19"
2020-10-01,Uruguay,,,,"Dato no conocido, debido a que no se pudo realizar el relevamiento por las medidas de contención de la COVID 19"
2020-10-01,EE.UU y Canadá,,,,"Dato no conocido, debido a que no se pudo realizar el relevamiento por las medidas de contención de la COVID 19"
2020-10-01,Resto América,,,,"Dato no conocido, debido a que no se pudo realizar el relevamiento por las medidas de contención de la COVID 19"
2020-10-01,Europa,,,,"Dato no conocido, debido a que no se pudo realizar el relevamiento por las medidas de contención de la COVID 19"
2020-10-01,Resto del Mundo,,,,"Dato no conocido, debido a que no se pudo realizar el relevamiento por las medidas de contención de la COVID 19"
2021-01-01,Bolivia,1410,94113,66.7,""
2021-01-01,Brasil,3674,135026,36.8,""
2021-01-01,Chile,4106,112538,27.4,""
2021-01-01,Paraguay,1027,40647,39.6,""
2021-01-01,Uruguay,112,224,2,""
2021-01-01,EE.UU y Canadá,7512,250004,33.3,""
2021-01-01,Resto América,7816,548287,70.1,""
2021-01-01,Europa,18855,749757,39.8,""
2021-01-01,Resto del Mundo,765,41651,54.4,""
2021-04-01,Bolivia,,,,"Dato no conocido, debido a que no se pudo realizar el relevamiento por las medidas de contención de la COVID 19"
2021-04-01,Brasil,,,,"Dato no conocido, debido a que no se pudo realizar el relevamiento por las medidas de contención de la COVID 19"
2021-04-01,Chile,,,,"Dato no conocido, debido a que no se pudo realizar el relevamiento por las medidas de contención de la COVID 19"
2021-04-01,Paraguay,,,,"Dato no conocido, debido a que no se pudo realizar el relevamiento por las medidas de contención de la COVID 19"
2021-04-01,Uruguay,,,,"Dato no conocido, debido a que no se pudo realizar el relevamiento por las medidas de contención de la COVID 19"
2021-04-01,EE.UU y Canadá,,,,"Dato no conocido, debido a que no se pudo realizar el relevamiento por las medidas de contención de la COVID 19"
2021-04-01,Resto América,,,,"Dato no conocido, debido a que no se pudo realizar el relevamiento por las medidas de contención de la COVID 19"
2021-04-01,Europa,,,,"Dato no conocido, debido a que no se pudo realizar el relevamiento por las medidas de contención de la COVID 19"
2021-04-01,Resto del Mundo,,,,"Dato no conocido, debido a que no se pudo realizar el relevamiento por las medidas de contención de la COVID 19"
2021-07-01,Bolivia,,,,"Dato no conocido, debido a que no se pudo realizar el relevamiento por las medidas de contención de la COVID 19"
2021-07-01,Brasil,,,,"Dato no conocido, debido a que no se pudo realizar el relevamiento por las medidas de contención de la COVID 19"
2021-07-01,Chile,,,,"Dato no conocido, debido a que no se pudo realizar el relevamiento por las medidas de contención de la COVID 19"
2021-07-01,Paraguay,,,,"Dato no conocido, debido a que no se pudo realizar el relevamiento por las medidas de contención de la COVID 19"
2021-07-01,Uruguay,,,,"Dato no conocido, debido a que no se pudo realizar el relevamiento por las medidas de contención de la COVID 19"
2021-07-01,EE.UU y Canadá,,,,"Dato no conocido, debido a que no se pudo realizar el relevamiento por las medidas de contención de la COVID 19"
2021-07-01,Resto América,,,,"Dato no conocido, debido a que no se pudo realizar el relevamiento por las medidas de contención de la COVID 19"
2021-07-01,Europa,,,,"Dato no conocido, debido a que no se pudo realizar el relevamiento por las medidas de contención de la COVID 19"
2021-07-01,Resto del Mundo,,,,"Dato no conocido, debido a que no se pudo realizar el relevamiento por las medidas de contención de la COVID 19"
2021-10-01,Bolivia,3971,67270,16.9,""
2021-10-01,Brasil,16351,216498,13.2,""
2021-10-01,Chile,15312,180704,11.8,""
2021-10-01,Paraguay,2348,27501,11.7,""
2021-10-01,Uruguay,1921,18477,9.6,""
2021-10-01,EE.UU y Canadá,26542,490999,18.5,""
2021-10-01,Resto América,18074,450957,25,""
2021-10-01,Europa,35313,922624,26.1,""
2021-10-01,Resto del Mundo,3131,87873,28.1,""
2022-01-01,Bolivia,8380,143087,17.1,""
2022-01-01,Brasil,41140,539426,13.1,""
2022-01-01,Chile,27391,311495,11.4,""
2022-01-01,Paraguay,4446,37937,8.5,""
2022-01-01,Uruguay,2104,23012,10.9,""
2022-01-01,EE.UU y Canadá,63609,1295664,20.4,""
2022-01-01,Resto América,43197,1124845,26,""
2022-01-01,Europa,98680,3065011,31.1,""
2022-01-01,Resto del Mundo,7941,190092,23.9,""
2022-04-01,Bolivia,9673,136672,14.1,""
2022-04-01,Brasil,92971,916167,9.9,""
2022-04-01,Chile,42130,316566,7.5,""
2022-04-01,Paraguay,7478,54406,7.3,""
2022-04-01,Uruguay,5757,37878,6.6,""
2022-04-01,EE.UU y Canadá,53146,1060961,20,""
2022-04-01,Resto América,55071,1158368,21,""
2022-04-01,Europa,67460,2160550,32,""
2022-04-01,Resto del Mundo,9597,256488,26.7,""
2022-07-01,Bolivia,9774,144498,14.8,""
2022-07-01,Brasil,132533,1228771,9.3,""
2022-07-01,Chile,50171,381262,7.6,""
2022-07-01,Paraguay,7567,49920,6.6,""
2022-07-01,Uruguay,7722,40323,5.2,""
2022-07-01,EE.UU y Canadá,53422,839418,15.7,""
2022-07-01,Resto América,64514,1253392,19.4,""
2022-07-01,Europa,58892,1649110,28,""
2022-07-01,Resto del Mundo,9519,238997,25.1,""
2022-10-01,Bolivia,14180,163378,11.5,""
2022-10-01,Brasil,113884,873052,7.7,""
2022-10-01,Chile,55581,383450,6.9,""
2022-10-01,Paraguay,9824,51534,5.2,""
2022-10-01,Uruguay,8669,41716,4.8,""
2022-10-01,EE.UU y Canadá,89325,1299909,14.6,""
2022-10-01,Resto América,89558,1880888,21,""
2022-10-01,Europa,108910,2302334,21.1,""
2022-10-01,Resto del Mundo,20308,431703,21.3,""
2023-01-01,Bolivia,11120,155152,14,""
2023-01-01,Brasil,106753,941568,8.8,""
2023-01-01,Chile,68260,519809,7.6,""
2023-01-01,Paraguay,7178,63639,8.9,""
2023-01-01,Uruguay,7549,40001,5.3,""
2023-01-01,EE.UU y Canadá,137782,2045755,14.8,""
2023-01-01,Resto América,91878,1577677,17.2,""
2023-01-01,Europa,168052,4543774,27,""
2023-01-01,Resto del Mundo,29089,878738,30.2,""
2023-04-01,Bolivia,8739,101521,11.6,""
2023-04-01,Brasil,142724,1114130,7.8,""
2023-04-01,Chile,81425,494247,6.1,""
2023-04-01,Paraguay,9775,78913,8.1,""
2023-04-01,Uruguay,11466,58262,5.1,""
2023-04-01,EE.UU y Canadá,70959,1030914,14.5,""
2023-04-01,Resto América,89101,1222461,13.7,""
2023-04-01,Europa,88012,2291436,26,""
2023-04-01,Resto del Mundo,20079,554373,27.6,""
2023-07-01,Bolivia,12146,137767,11.3,""
2023-07-01,Brasil,217312,1791211,8.2,""
2023-07-01,Chile,92916,610503,6.6,""
2023-07-01,Paraguay,11048,74867,6.8,""
2023-07-01,Uruguay,13799,67445,4.9,""
2023-07-01,EE.UU y Canadá,67820,1127512,16.6,""
2023-07-01,Resto América,109121,1525481,14,""
2023-07-01,Europa,76029,1892789,24.9,""
2023-07-01,Resto del Mundo,17228,397493,23.1,""
2023-10-01,Bolivia,13218,170095,12.9,""
2023-10-01,Brasil,169961,1849211,10.9,""
2023-10-01,Chile,97520,531012,5.4,""
2023-10-01,Paraguay,10334,60614,5.9,""
2023-10-01,Uruguay,11692,54411,4.7,""
2023-10-01,EE.UU y Canadá,109761,1390307,12.7,""
2023-10-01,Resto América,129516,2614562,20.2,""
2023-10-01,Europa,137156,3008346,21.9,""
2023-10-01,Resto del Mundo,29858,789400,26.4,""
2024-01-01,Bolivia,10717,143272,13.4,""
2024-01-01,Brasil,167449,1420150,8.5,""
2024-01-01,Chile,81797,584552,7.1,""
2024-01-01,Paraguay,7708,46068,6,""
2024-01-01,Uruguay,10597,52119,4.9,""
2024-01-01,EE.UU y Canadá,140141,2064643,14.7,""
2024-01-01,Resto América,116527,1717504,14.7,""
2024-01-01,Europa,192462,4734168,24.6,""
2024-01-01,Resto del Mundo,39152,757327,19.3,""
2024-04-01,Bolivia,7782,100252,12.9,""
2024-04-01,Brasil,166632,1209769,7.3,""
2024-04-01,Chile,52035,301484,5.8,""
2024-04-01,Paraguay,8847,42096,4.8,""
2024-04-01,Uruguay,11293,62841,5.6,""
2024-04-01,EE.UU y Canadá,66751,965878,14.5,""
2024-04-01,Resto América,103812,1435234,13.8,""
2024-04-01,Europa,92143,2219350,24.1,""
2024-04-01,Resto del Mundo,22097,560956,25.4,""
2024-07-01,Bolivia,7765,121163,15.6,""
2024-07-01,Brasil,222718,1732810,7.8,""
2024-07-01,Chile,63152,390287,6.2,""
2024-07-01,Paraguay,11444,69458,6.1,""
2024-07-01,Uruguay,16262,93323,5.7,""
2024-07-01,EE.UU y Canadá,55096,916934,16.6,""
2024-07-01,Resto América,114272,1458154,12.8,""
2024-07-01,Europa,77720,1747140,22.5,""
2024-07-01,Resto del Mundo,18254,471104,25.8,""
2024-10-01,Bolivia,8899,140947,15.8,""
2024-10-01,Brasil,165146,1367715,8.3,""
2024-10-01,Chile,61589,399406,6.5,""
2024-10-01,Paraguay,8785,76709,8.7,""
2024-10-01,Uruguay,9168,43757,4.8,""
2024-10-01,EE.UU y Canadá,92568,1170779,12.6,""
2024-10-01,Resto América,125670,1823899,14.5,""
2024-10-01,Europa,135374,2699615,19.9,""
2024-10-01,Resto del Mundo,32610,737792,22.6,""
2025-01-01,Bolivia,7547,116365,15.4,""
2025-01-01,Brasil,97901,851698,8.7,""
2025-01-01,Chile,50572,358962,7.1,""
2025-01-01,Paraguay,7298,62882,8.6,""
2025-01-01,Uruguay,7735,62482,8.1,""
2025-01-01,EE.UU y Canadá,123909,1503614,12.1,""
,,,,,""
2025-01-01,Europa,196276,4374459,22.3,""
2025-01-01,Resto del Mundo,40707,1050770,25.8,""
2025-04-01,Bolivia,7477,106269,14.2,""
2025-04-01,Brasil,127683,1024367,8,""
2025-04-01,Chile,48832,351880,7.2,""
2025-04-01,Paraguay,8305,90095,10.8,""
2025-04-01,Uruguay,9444,52720,5.6,""
2025-04-01,EE.UU y Canadá,57596,801089,13.9,""
2025-04-01,Resto América,90160,1288661,14.3,""
2025-04-01,Europa,89144,2107236,23.6,""
2025-04-01,Resto del Mundo,23026,435553,18.9,""
2025-07-01,Bolivia,7102,115098,16.2,""
2025-07-01,Brasil,178918,1600699,8.9,""
2025-07-01,Chile,51717,469298,9.1,""
2025-07-01,Paraguay,10538,119933,11.4,""
2025-07-01,Uruguay,10662,68819,6.5,""
2025-07-01,EE.UU y Canadá,52970,722401,13.6,""
2025-07-01,Resto América,102847,1549893,15.1,""
2025-07-01,Europa,77679,1653163,21.3,""
2025-07-01,Resto del Mundo,21723,471140,21.7,""
2025-10-01,Bolivia,8312,88685,10.7,""
2025-10-01,Brasil,141817,1125087,7.9,""
2025-10-01,Chile,55777,394132,7.1,""
2025-10-01,Paraguay,11721,113377,9.7,""
2025-10-01,Uruguay,9363,42198,4.5,""
2025-10-01,EE.UU y Canadá,97961,1270938,13,""
2025-10-01,Resto América,127343,1950929,15.3,""
2025-10-01,Europa,148118,2978664,20.1,""
,,,,,""
