país de residencia,turistas_no_residentes_2014-01-01,turistas_no_residentes_2014-04-01,turistas_no_residentes_2014-07-01,turistas_no_residentes_2014-10-01,turistas_no_residentes_2015-01-01,turistas_no_residentes_2015-04-01,turistas_no_residentes_2015-07-01,turistas_no_residentes_2015-10-01,turistas_no_residentes_2016-01-01,turistas_no_residentes_2016-04-01,turistas_no_residentes_2016-07-01,turistas_no_residentes_2016-10-01,turistas_no_residentes_2017-01-01,turistas_no_residentes_2017-04-01,turistas_no_residentes_2017-07-01,turistas_no_residentes_2017-10-01,turistas_no_residentes_2018-01-01,turistas_no_residentes_2018-04-01,turistas_no_residentes_2018-07-01,turistas_no_residentes_2018-10-01,turistas_no_residentes_2019-01-01,turistas_no_residentes_2019-04-01,turistas_no_residentes_2019-07-01,turistas_no_residentes_2019-10-01,turistas_no_residentes_2020-01-01,turistas_no_residentes_2020-04-01,turistas_no_residentes_2020-07-01,turistas_no_residentes_2020-10-01,turistas_no_residentes_2021-01-01,turistas_no_residentes_2021-04-01,turistas_no_residentes_2021-07-01,turistas_no_residentes_2021-10-01,turistas_no_residentes_2022-01-01,turistas_no_residentes_2022-04-01,turistas_no_residentes_2022-07-01,turistas_no_residentes_2022-10-01,turistas_no_residentes_2023-01-01,turistas_no_residentes_2023-04-01,turistas_no_residentes_2023-07-01,turistas_no_residentes_2023-10-01,turistas_no_residentes_2024-01-01,turistas_no_residentes_2024-04-01,turistas_no_residentes_2024-07-01,turistas_no_residentes_2024-10-01,turistas_no_residentes_2025-01-01,turistas_no_residentes_NA,turistas_no_residentes_2025-04-01,turistas_no_residentes_2025-07-01,turistas_no_residentes_2025-10-01,pernoctes_no_residentes_2014-01-01,pernoctes_no_residentes_2014-04-01,pernoctes_no_residentes_2014-07-01,pernoctes_no_residentes_2014-10-01,pernoctes_no_residentes_2015-01-01,pernoctes_no_residentes_2015-04-01,pernoctes_no_residentes_2015-07-01,pernoctes_no_residentes_2015-10-01,pernoctes_no_residentes_2016-01-01,pernoctes_no_residentes_2016-04-01,pernoctes_no_residentes_2016-07-01,pernoctes_no_residentes_2016-10-01,pernoctes_no_residentes_2017-01-01,pernoctes_no_residentes_2017-04-01,pernoctes_no_residentes_2017-07-01,pernoctes_no_residentes_2017-10-01,pernoctes_no_residentes_2018-01-01,pernoctes_no_residentes_2018-04-01,pernoctes_no_residentes_2018-07-01,pernoctes_no_residentes_2018-10-01,pernoctes_no_residentes_2019-01-01,pernoctes_no_residentes_2019-04-01,pernoctes_no_residentes_2019-07-01,pernoctes_no_residentes_2019-10-01,pernoctes_no_residentes_2020-01-01,pernoctes_no_residentes_2020-04-01,pernoctes_no_residentes_2020-07-01,pernoctes_no_residentes_2020-10-01,pernoctes_no_residentes_2021-01-01,pernoctes_no_residentes_2021-04-01,pernoctes_no_residentes_2021-07-01,pernoctes_no_residentes_2021-10-01,pernoctes_no_residentes_2022-01-01,pernoctes_no_residentes_2022-04-01,pernoctes_no_residentes_2022-07-01,pernoctes_no_residentes_2022-10-01,pernoctes_no_residentes_2023-01-01,pernoctes_no_residentes_2023-04-01,pernoctes_no_residentes_2023-07-01,pernoctes_no_residentes_2023-10-01,pernoctes_no_residentes_2024-01-01,pernoctes_no_residentes_2024-04-01,pernoctes_no_residentes_2024-07-01,pernoctes_no_residentes_2024-10-01,pernoctes_no_residentes_2025-01-01,pernoctes_no_residentes_NA,pernoctes_no_residentes_2025-04-01,pernoctes_no_residentes_2025-07-01,pernoctes_no_residentes_2025-10-01,estadia_media_no_residentes_2014-01-01,estadia_media_no_residentes_2014-04-01,estadia_media_no_residentes_2014-07-01,estadia_media_no_residentes_2014-10-01,estadia_media_no_residentes_2015-01-01,estadia_media_no_residentes_2015-04-01,estadia_media_no_residentes_2015-07-01,estadia_media_no_residentes_2015-10-01,estadia_media_no_residentes_2016-01-01,estadia_media_no_residentes_2016-04-01,estadia_media_no_residentes_2016-07-01,estadia_media_no_residentes_2016-10-01,estadia_media_no_residentes_2017-01-01,estadia_media_no_residentes_2017-04-01,estadia_media_no_residentes_2017-07-01,estadia_media_no_residentes_2017-10-01,estadia_media_no_residentes_2018-01-01,estadia_media_no_residentes_2018-04-01,estadia_media_no_residentes_2018-07-01,estadia_media_no_residentes_2018-10-01,estadia_media_no_residentes_2019-01-01,estadia_media_no_residentes_2019-04-01,estadia_media_no_residentes_2019-07-01,estadia_media_no_residentes_2019-10-01,estadia_media_no_residentes_2020-01-01,estadia_media_no_residentes_2020-04-01,estadia_media_no_residentes_2020-07-01,estadia_media_no_residentes_2020-10-01,estadia_media_no_residentes_2021-01-01,estadia_media_no_residentes_2021-04-01,estadia_media_no_residentes_2021-07-01,estadia_media_no_residentes_2021-10-01,estadia_media_no_residentes_2022-01-01,estadia_media_no_residentes_2022-04-01,estadia_media_no_residentes_2022-07-01,estadia_media_no_residentes_2022-10-01,estadia_media_no_residentes_2023-01-01,estadia_media_no_residentes_2023-04-01,estadia_media_no_residentes_2023-07-01,estadia_media_no_residentes_2023-10-01,estadia_media_no_residentes_2024-01-01,estadia_media_no_residentes_2024-04-01,estadia_media_no_residentes_2024-07-01,estadia_media_no_residentes_2024-10-01,estadia_media_no_residentes_2025-01-01,estadia_media_no_residentes_NA,estadia_media_no_residentes_2025-04-01,estadia_media_no_residentes_2025-07-01,estadia_media_no_residentes_2025-10-01
Bolivia,,,,,,,,,,,,,,,,,,,,,,,,,,,,,,,,,,,,,,,,,,,,,,,,,,,,,,,,,,,,,,,,,,,,,,,,,,,,,,,,,,,,,,,,,,,,,,,,,,,,,,,,,,,,,,,,,,,,,,,,,,,,,,,,,,,,,,,,,,,,,,,,,,,
Brasil,,,,,,,,,,,,,,,,,,,,,,,,,,,,,,,,,,,,,,,,,,,,,,,,,,,,,,,,,,,,,,,,,,,,,,,,,,,,,,,,,,,,,,,,,,,,,,,,,,,,,,,,,,,,,,,,,,,,,,,,,,,,,,,,,,,,,,,,,,,,,,,,,,,
Chile,,,,,,,,,,,,,,,,,,,,,,,,,,,,,,,,,,,,,,,,,,,,,,,,,,,,,,,,,,,,,,,,,,,,,,,,,,,,,,,,,,,,,,,,,,,,,,,,,,,,,,,,,,,,,,,,,,,,,,,,,,,,,,,,,,,,,,,,,,,,,,,,,,,
Paraguay,,,,,,,,,,,,,,,,,,,,,,,,,,,,,,,,,,,,,,,,,,,,,,,,,,,,,,,,,,,,,,,,,,,,,,,,,,,,,,,,,,,,,,,,,,,,,,,,,,,,,,,,,,,,,,,,,,,,,,,,,,,,,,,,,,,,,,,,,,,,,,,,,,,
Uruguay,,,,,,,,,,,,,,,,,,,,,,,,,,,,,,,,,,,,,,,,,,,,,,,,,,,,,,,,,,,,,,,,,,,,,,,,,,,,,,,,,,,,,,,,,,,,,,,,,,,,,,,,,,,,,,,,,,,,,,,,,,,,,,,,,,,,,,,,,,,,,,,,,,,
EE.UU y Canadá,,,,,,,,,,,,,,,,,,,,,,,,,,,,,,,,,,,,,,,,,,,,,,,,,,,,,,,,,,,,,,,,,,,,,,,,,,,,,,,,,,,,,,,,,,,,,,,,,,,,,,,,,,,,,,,,,,,,,,,,,,,,,,,,,,,,,,,,,,,,,,,,,,,
Resto América,,,,,,,,,,,,,,,,,,,,,,,,,,,,,,,,,,,,,,,,,,,,,,,,,,,,,,,,,,,,,,,,,,,,,,,,,,,,,,,,,,,,,,,,,,,,,,,,,,,,,,,,,,,,,,,,,,,,,,,,,,,,,,,,,,,,,,,,,,,,,,,,,,,
Europa,,,,,,,,,,,,,,,,,,,,,,,,,,,,,,,,,,,,,,,,,,,,,,,,,,,,,,,,,,,,,,,,,,,,,,,,,,,,,,,,,,,,,,,,,,,,,,,,,,,,,,,,,,,,,,,,,,,,,,,,,,,,,,,,,,,,,,,,,,,,,,,,,,,
Resto del Mundo,,,,,,,,,,,,,,,,,,,,,,,,,,,,,,,,,,,,,,,,,,,,,,,,,,,,,,,,,,,,,,,,,,,,,,,,,,,,,,,,,,,,,,,,,,,,,,,,,,,,,,,,,,,,,,,,,,,,,,,,,,,,,,,,,,,,,,,,,,,,,,,,,,,
NA,,,,,,,,,,,,,,,,,,,,,,,,,,,,,,,,,,,,,,,,,,,,,,,,,,,,,,,,,,,,,,,,,,,,,,,,,,,,,,,,,,,,,,,,,,,,,,,,,,,,,,,,,,,,,,,,,,,,,,,,,,,,,,,,,,,,,,,,,,,,,,,,,,,
